Product Name,Price,Available,No. Units,Store,Time,Link
ASUS NVIDIA GeForce RTX 5090 ROG Astral Overclocked Triple Fan 32GB GDDR7 PCIe 5.0 Graphics Card,"$3,079.99",False,0,Micro Center,2025-02-08 17:06:38.208013,https://www.microcenter.com/product/690032/asus-nvidia-geforce-rtx-5090-rog-astral-overclocked-triple-fan-32gb-gddr7-pcie-50-graphics-card
ASUS NVIDIA GeForce RTX 5090 ROG Astral Overclocked Triple Fan 32GB GDDR7 PCIe 5.0 Graphics Card,"$2,459.99",False,0,Micro Center,2025-02-08 17:06:38.285019,https://www.microcenter.com/product/690032/asus-nvidia-geforce-rtx-5090-rog-astral-overclocked-triple-fan-32gb-gddr7-pcie-50-graphics-card
MSI NVIDIA GeForce RTX 5090 SUPRIM SOC Overclocked Triple Fan 32GB GDDR7 PCIe 5.0 Graphics Card,"$2,549.99",False,0,Micro Center,2025-02-08 17:06:38.375026,https://www.microcenter.com/product/690484/msi-nvidia-geforce-rtx-5090-suprim-soc-overclocked-triple-fan-32gb-gddr7-pcie-50-graphics-card
MSI NVIDIA GeForce RTX 5090 SUPRIM SOC Overclocked Triple Fan 32GB GDDR7 PCIe 5.0 Graphics Card,"$1,999.99",False,0,Micro Center,2025-02-08 17:06:38.463034,https://www.microcenter.com/product/690484/msi-nvidia-geforce-rtx-5090-suprim-soc-overclocked-triple-fan-32gb-gddr7-pcie-50-graphics-card
Gigabyte NVIDIA GeForce RTX 5090 AORUS XTREME WATERFORCE WB Overclocked Liquid Cooled 32GB GDDR7 PCIe 5.0 Graphics Card,"$2,529.99",False,0,Micro Center,2025-02-08 17:06:38.543038,https://www.microcenter.com/product/690624/gigabyte-nvidia-geforce-rtx-5090-aorus-xtreme-waterforce-wb-overclocked-liquid-cooled-32gb-gddr7-pcie-50-graphics-card
Gigabyte NVIDIA GeForce RTX 5090 AORUS XTREME WATERFORCE WB Overclocked Liquid Cooled 32GB GDDR7 PCIe 5.0 Graphics Card,"$3,409.99",False,0,Micro Center,2025-02-08 17:06:38.627045,https://www.microcenter.com/product/690624/gigabyte-nvidia-geforce-rtx-5090-aorus-xtreme-waterforce-wb-overclocked-liquid-cooled-32gb-gddr7-pcie-50-graphics-card
Gigabyte NVIDIA GeForce RTX 5090 Windforce Overclocked Triple Fan 32GB GDDR7 PCIe 5.0 Graphics Card,"$2,599.99",False,0,Micro Center,2025-02-08 17:06:38.713050,https://www.microcenter.com/product/690450/gigabyte-nvidia-geforce-rtx-5090-windforce-overclocked-triple-fan-32gb-gddr7-pcie-50-graphics-card
Gigabyte NVIDIA GeForce RTX 5090 Windforce Overclocked Triple Fan 32GB GDDR7 PCIe 5.0 Graphics Card,"$2,439.99",False,0,Micro Center,2025-02-08 17:06:38.802057,https://www.microcenter.com/product/690450/gigabyte-nvidia-geforce-rtx-5090-windforce-overclocked-triple-fan-32gb-gddr7-pcie-50-graphics-card
ASUS NVIDIA GeForce RTX 5090 TUF Gaming Triple Fan 32GB GDDR7 PCIe 5.0 Graphics Card,"$2,499.99",False,0,Micro Center,2025-02-08 17:06:38.903065,https://www.microcenter.com/product/690037/asus-nvidia-geforce-rtx-5090-tuf-gaming-triple-fan-32gb-gddr7-pcie-50-graphics-card
ASUS NVIDIA GeForce RTX 5090 TUF Gaming Triple Fan 32GB GDDR7 PCIe 5.0 Graphics Card,"$2,199.99",False,0,Micro Center,2025-02-08 17:06:38.999072,https://www.microcenter.com/product/690037/asus-nvidia-geforce-rtx-5090-tuf-gaming-triple-fan-32gb-gddr7-pcie-50-graphics-card
ASUS NVIDIA GeForce RTX 5090 Astral LC Liquid Cooled 32GB GDDR7 PCIe 5.0 Graphics Card,"$2,349.99",False,0,Micro Center,2025-02-08 17:06:39.089078,https://www.microcenter.com/product/690499/asus-nvidia-geforce-rtx-5090-astral-lc-liquid-cooled-32gb-gddr7-pcie-50-graphics-card
ASUS NVIDIA GeForce RTX 5090 Astral LC Liquid Cooled 32GB GDDR7 PCIe 5.0 Graphics Card,"$2,749.99",False,0,Micro Center,2025-02-08 17:06:39.199087,https://www.microcenter.com/product/690499/asus-nvidia-geforce-rtx-5090-astral-lc-liquid-cooled-32gb-gddr7-pcie-50-graphics-card
Gigabyte NVIDIA GeForce RTX 5090 XTREME WATERFORCE Overclocked Liquid Cooled 32GB GDDR7 PCIe 5.0 Graphics Card,"$2,249.99",False,0,Micro Center,2025-02-08 17:06:39.303096,https://www.microcenter.com/product/690625/gigabyte-nvidia-geforce-rtx-5090-xtreme-waterforce-overclocked-liquid-cooled-32gb-gddr7-pcie-50-graphics-card
Gigabyte NVIDIA GeForce RTX 5090 XTREME WATERFORCE Overclocked Liquid Cooled 32GB GDDR7 PCIe 5.0 Graphics Card,"$2,559.99",False,0,Micro Center,2025-02-08 17:06:39.422103,https://www.microcenter.com/product/690625/gigabyte-nvidia-geforce-rtx-5090-xtreme-waterforce-overclocked-liquid-cooled-32gb-gddr7-pcie-50-graphics-card
MSI NVIDIA GeForce RTX 5090 VANGUARD SOC LAUNCH EDITION Overclocked Triple Fan 32GB GDDR7 PCIe 5.0 Graphics Card,"$2,499.99",False,0,Micro Center,2025-02-08 17:06:39.551114,https://www.microcenter.com/product/690490/msi-nvidia-geforce-rtx-5090-vanguard-soc-launch-edition-overclocked-triple-fan-32gb-gddr7-pcie-50-graphics-card
MSI NVIDIA GeForce RTX 5090 VANGUARD SOC LAUNCH EDITION Overclocked Triple Fan 32GB GDDR7 PCIe 5.0 Graphics Card,"$2,749.99",False,0,Micro Center,2025-02-08 17:06:39.656120,https://www.microcenter.com/product/690490/msi-nvidia-geforce-rtx-5090-vanguard-soc-launch-edition-overclocked-triple-fan-32gb-gddr7-pcie-50-graphics-card
Zotac NVIDIA GeForce RTX 5090 AMP Extreme Infinity Overclocked Triple Fan 32GB GDDR7 PCIe 5.0 Graphics Card,"$2,499.99",False,0,Micro Center,2025-02-08 17:06:39.759128,https://www.microcenter.com/product/690693/zotac-nvidia-geforce-rtx-5090-amp-extreme-infinity-overclocked-triple-fan-32gb-gddr7-pcie-50-graphics-card
Zotac NVIDIA GeForce RTX 5090 AMP Extreme Infinity Overclocked Triple Fan 32GB GDDR7 PCIe 5.0 Graphics Card,"$2,669.99",False,0,Micro Center,2025-02-08 17:06:39.853135,https://www.microcenter.com/product/690693/zotac-nvidia-geforce-rtx-5090-amp-extreme-infinity-overclocked-triple-fan-32gb-gddr7-pcie-50-graphics-card
PNY NVIDIA GeForce RTX 5090 Overclocked Triple Fan 32GB GDDR7 PCIe 5.0 Graphics Card,"$2,249.99",False,0,Micro Center,2025-02-08 17:06:39.942141,https://www.microcenter.com/product/690483/pny-nvidia-geforce-rtx-5090-overclocked-triple-fan-32gb-gddr7-pcie-50-graphics-card
PNY NVIDIA GeForce RTX 5090 Overclocked Triple Fan 32GB GDDR7 PCIe 5.0 Graphics Card,"$2,299.99",False,0,Micro Center,2025-02-08 17:06:40.032148,https://www.microcenter.com/product/690483/pny-nvidia-geforce-rtx-5090-overclocked-triple-fan-32gb-gddr7-pcie-50-graphics-card
ASUS NVIDIA GeForce RTX 5090 ROG Astral Overclocked Triple Fan 32GB GDDR7 PCIe 5.0 Graphics Card,"$3,079.99",False,0,Micro Center,2025-02-08 17:26:36.708379,https://www.microcenter.com/product/690032/asus-nvidia-geforce-rtx-5090-rog-astral-overclocked-triple-fan-32gb-gddr7-pcie-50-graphics-card
ASUS NVIDIA GeForce RTX 5090 ROG Astral Overclocked Triple Fan 32GB GDDR7 PCIe 5.0 Graphics Card,"$2,459.99",False,0,Micro Center,2025-02-08 17:26:36.816387,https://www.microcenter.com/product/690032/asus-nvidia-geforce-rtx-5090-rog-astral-overclocked-triple-fan-32gb-gddr7-pcie-50-graphics-card
MSI NVIDIA GeForce RTX 5090 SUPRIM SOC Overclocked Triple Fan 32GB GDDR7 PCIe 5.0 Graphics Card,"$2,549.99",False,0,Micro Center,2025-02-08 17:26:36.907393,https://www.microcenter.com/product/690484/msi-nvidia-geforce-rtx-5090-suprim-soc-overclocked-triple-fan-32gb-gddr7-pcie-50-graphics-card
MSI NVIDIA GeForce RTX 5090 SUPRIM SOC Overclocked Triple Fan 32GB GDDR7 PCIe 5.0 Graphics Card,"$1,999.99",False,0,Micro Center,2025-02-08 17:26:37.015402,https://www.microcenter.com/product/690484/msi-nvidia-geforce-rtx-5090-suprim-soc-overclocked-triple-fan-32gb-gddr7-pcie-50-graphics-card
Gigabyte NVIDIA GeForce RTX 5090 AORUS XTREME WATERFORCE WB Overclocked Liquid Cooled 32GB GDDR7 PCIe 5.0 Graphics Card,"$2,529.99",False,0,Micro Center,2025-02-08 17:26:37.118410,https://www.microcenter.com/product/690624/gigabyte-nvidia-geforce-rtx-5090-aorus-xtreme-waterforce-wb-overclocked-liquid-cooled-32gb-gddr7-pcie-50-graphics-card
Gigabyte NVIDIA GeForce RTX 5090 AORUS XTREME WATERFORCE WB Overclocked Liquid Cooled 32GB GDDR7 PCIe 5.0 Graphics Card,"$3,409.99",False,0,Micro Center,2025-02-08 17:26:37.211416,https://www.microcenter.com/product/690624/gigabyte-nvidia-geforce-rtx-5090-aorus-xtreme-waterforce-wb-overclocked-liquid-cooled-32gb-gddr7-pcie-50-graphics-card
Gigabyte NVIDIA GeForce RTX 5090 Windforce Overclocked Triple Fan 32GB GDDR7 PCIe 5.0 Graphics Card,"$2,599.99",False,0,Micro Center,2025-02-08 17:26:37.284421,https://www.microcenter.com/product/690450/gigabyte-nvidia-geforce-rtx-5090-windforce-overclocked-triple-fan-32gb-gddr7-pcie-50-graphics-card
Gigabyte NVIDIA GeForce RTX 5090 Windforce Overclocked Triple Fan 32GB GDDR7 PCIe 5.0 Graphics Card,"$2,439.99",False,0,Micro Center,2025-02-08 17:26:37.362426,https://www.microcenter.com/product/690450/gigabyte-nvidia-geforce-rtx-5090-windforce-overclocked-triple-fan-32gb-gddr7-pcie-50-graphics-card
ASUS NVIDIA GeForce RTX 5090 TUF Gaming Triple Fan 32GB GDDR7 PCIe 5.0 Graphics Card,"$2,499.99",False,0,Micro Center,2025-02-08 17:26:37.465434,https://www.microcenter.com/product/690037/asus-nvidia-geforce-rtx-5090-tuf-gaming-triple-fan-32gb-gddr7-pcie-50-graphics-card
ASUS NVIDIA GeForce RTX 5090 TUF Gaming Triple Fan 32GB GDDR7 PCIe 5.0 Graphics Card,"$2,199.99",False,0,Micro Center,2025-02-08 17:26:37.532440,https://www.microcenter.com/product/690037/asus-nvidia-geforce-rtx-5090-tuf-gaming-triple-fan-32gb-gddr7-pcie-50-graphics-card
ASUS NVIDIA GeForce RTX 5090 Astral LC Liquid Cooled 32GB GDDR7 PCIe 5.0 Graphics Card,"$2,349.99",False,0,Micro Center,2025-02-08 17:26:37.611446,https://www.microcenter.com/product/690499/asus-nvidia-geforce-rtx-5090-astral-lc-liquid-cooled-32gb-gddr7-pcie-50-graphics-card
ASUS NVIDIA GeForce RTX 5090 Astral LC Liquid Cooled 32GB GDDR7 PCIe 5.0 Graphics Card,"$2,749.99",False,0,Micro Center,2025-02-08 17:26:37.682453,https://www.microcenter.com/product/690499/asus-nvidia-geforce-rtx-5090-astral-lc-liquid-cooled-32gb-gddr7-pcie-50-graphics-card
Gigabyte NVIDIA GeForce RTX 5090 XTREME WATERFORCE Overclocked Liquid Cooled 32GB GDDR7 PCIe 5.0 Graphics Card,"$2,249.99",False,0,Micro Center,2025-02-08 17:26:37.750457,https://www.microcenter.com/product/690625/gigabyte-nvidia-geforce-rtx-5090-xtreme-waterforce-overclocked-liquid-cooled-32gb-gddr7-pcie-50-graphics-card
Gigabyte NVIDIA GeForce RTX 5090 XTREME WATERFORCE Overclocked Liquid Cooled 32GB GDDR7 PCIe 5.0 Graphics Card,"$2,559.99",False,0,Micro Center,2025-02-08 17:26:37.823461,https://www.microcenter.com/product/690625/gigabyte-nvidia-geforce-rtx-5090-xtreme-waterforce-overclocked-liquid-cooled-32gb-gddr7-pcie-50-graphics-card
MSI NVIDIA GeForce RTX 5090 VANGUARD SOC LAUNCH EDITION Overclocked Triple Fan 32GB GDDR7 PCIe 5.0 Graphics Card,"$2,499.99",False,0,Micro Center,2025-02-08 17:26:37.890468,https://www.microcenter.com/product/690490/msi-nvidia-geforce-rtx-5090-vanguard-soc-launch-edition-overclocked-triple-fan-32gb-gddr7-pcie-50-graphics-card
MSI NVIDIA GeForce RTX 5090 VANGUARD SOC LAUNCH EDITION Overclocked Triple Fan 32GB GDDR7 PCIe 5.0 Graphics Card,"$2,749.99",False,0,Micro Center,2025-02-08 17:26:37.959470,https://www.microcenter.com/product/690490/msi-nvidia-geforce-rtx-5090-vanguard-soc-launch-edition-overclocked-triple-fan-32gb-gddr7-pcie-50-graphics-card
Zotac NVIDIA GeForce RTX 5090 AMP Extreme Infinity Overclocked Triple Fan 32GB GDDR7 PCIe 5.0 Graphics Card,"$2,499.99",False,0,Micro Center,2025-02-08 17:26:38.026476,https://www.microcenter.com/product/690693/zotac-nvidia-geforce-rtx-5090-amp-extreme-infinity-overclocked-triple-fan-32gb-gddr7-pcie-50-graphics-card
Zotac NVIDIA GeForce RTX 5090 AMP Extreme Infinity Overclocked Triple Fan 32GB GDDR7 PCIe 5.0 Graphics Card,"$2,669.99",False,0,Micro Center,2025-02-08 17:26:38.099482,https://www.microcenter.com/product/690693/zotac-nvidia-geforce-rtx-5090-amp-extreme-infinity-overclocked-triple-fan-32gb-gddr7-pcie-50-graphics-card
PNY NVIDIA GeForce RTX 5090 Overclocked Triple Fan 32GB GDDR7 PCIe 5.0 Graphics Card,"$2,249.99",False,0,Micro Center,2025-02-08 17:26:38.173488,https://www.microcenter.com/product/690483/pny-nvidia-geforce-rtx-5090-overclocked-triple-fan-32gb-gddr7-pcie-50-graphics-card
PNY NVIDIA GeForce RTX 5090 Overclocked Triple Fan 32GB GDDR7 PCIe 5.0 Graphics Card,"$2,299.99",False,0,Micro Center,2025-02-08 17:26:38.246494,https://www.microcenter.com/product/690483/pny-nvidia-geforce-rtx-5090-overclocked-triple-fan-32gb-gddr7-pcie-50-graphics-card
ASUS NVIDIA GeForce RTX 5090 ROG Astral Overclocked Triple Fan 32GB GDDR7 PCIe 5.0 Graphics Card,"$3,079.99",False,0,Micro Center,2025-02-08 17:47:36.541751,https://www.microcenter.com/product/690032/asus-nvidia-geforce-rtx-5090-rog-astral-overclocked-triple-fan-32gb-gddr7-pcie-50-graphics-card
ASUS NVIDIA GeForce RTX 5090 ROG Astral Overclocked Triple Fan 32GB GDDR7 PCIe 5.0 Graphics Card,"$2,459.99",False,0,Micro Center,2025-02-08 17:47:36.669760,https://www.microcenter.com/product/690032/asus-nvidia-geforce-rtx-5090-rog-astral-overclocked-triple-fan-32gb-gddr7-pcie-50-graphics-card
MSI NVIDIA GeForce RTX 5090 SUPRIM SOC Overclocked Triple Fan 32GB GDDR7 PCIe 5.0 Graphics Card,"$2,549.99",False,0,Micro Center,2025-02-08 17:47:36.791770,https://www.microcenter.com/product/690484/msi-nvidia-geforce-rtx-5090-suprim-soc-overclocked-triple-fan-32gb-gddr7-pcie-50-graphics-card
MSI NVIDIA GeForce RTX 5090 SUPRIM SOC Overclocked Triple Fan 32GB GDDR7 PCIe 5.0 Graphics Card,"$1,999.99",False,0,Micro Center,2025-02-08 17:47:36.906777,https://www.microcenter.com/product/690484/msi-nvidia-geforce-rtx-5090-suprim-soc-overclocked-triple-fan-32gb-gddr7-pcie-50-graphics-card
Gigabyte NVIDIA GeForce RTX 5090 AORUS XTREME WATERFORCE WB Overclocked Liquid Cooled 32GB GDDR7 PCIe 5.0 Graphics Card,"$2,529.99",False,0,Micro Center,2025-02-08 17:47:37.010784,https://www.microcenter.com/product/690624/gigabyte-nvidia-geforce-rtx-5090-aorus-xtreme-waterforce-wb-overclocked-liquid-cooled-32gb-gddr7-pcie-50-graphics-card
Gigabyte NVIDIA GeForce RTX 5090 AORUS XTREME WATERFORCE WB Overclocked Liquid Cooled 32GB GDDR7 PCIe 5.0 Graphics Card,"$3,409.99",False,0,Micro Center,2025-02-08 17:47:37.112794,https://www.microcenter.com/product/690624/gigabyte-nvidia-geforce-rtx-5090-aorus-xtreme-waterforce-wb-overclocked-liquid-cooled-32gb-gddr7-pcie-50-graphics-card
Gigabyte NVIDIA GeForce RTX 5090 Windforce Overclocked Triple Fan 32GB GDDR7 PCIe 5.0 Graphics Card,"$2,599.99",False,0,Micro Center,2025-02-08 17:47:37.199800,https://www.microcenter.com/product/690450/gigabyte-nvidia-geforce-rtx-5090-windforce-overclocked-triple-fan-32gb-gddr7-pcie-50-graphics-card
Gigabyte NVIDIA GeForce RTX 5090 Windforce Overclocked Triple Fan 32GB GDDR7 PCIe 5.0 Graphics Card,"$2,439.99",False,0,Micro Center,2025-02-08 17:47:37.286809,https://www.microcenter.com/product/690450/gigabyte-nvidia-geforce-rtx-5090-windforce-overclocked-triple-fan-32gb-gddr7-pcie-50-graphics-card
ASUS NVIDIA GeForce RTX 5090 TUF Gaming Triple Fan 32GB GDDR7 PCIe 5.0 Graphics Card,"$2,499.99",False,0,Micro Center,2025-02-08 17:47:37.388814,https://www.microcenter.com/product/690037/asus-nvidia-geforce-rtx-5090-tuf-gaming-triple-fan-32gb-gddr7-pcie-50-graphics-card
ASUS NVIDIA GeForce RTX 5090 TUF Gaming Triple Fan 32GB GDDR7 PCIe 5.0 Graphics Card,"$2,199.99",False,0,Micro Center,2025-02-08 17:47:37.476820,https://www.microcenter.com/product/690037/asus-nvidia-geforce-rtx-5090-tuf-gaming-triple-fan-32gb-gddr7-pcie-50-graphics-card
ASUS NVIDIA GeForce RTX 5090 Astral LC Liquid Cooled 32GB GDDR7 PCIe 5.0 Graphics Card,"$2,349.99",False,0,Micro Center,2025-02-08 17:47:37.562830,https://www.microcenter.com/product/690499/asus-nvidia-geforce-rtx-5090-astral-lc-liquid-cooled-32gb-gddr7-pcie-50-graphics-card
ASUS NVIDIA GeForce RTX 5090 Astral LC Liquid Cooled 32GB GDDR7 PCIe 5.0 Graphics Card,"$2,749.99",False,0,Micro Center,2025-02-08 17:47:37.646832,https://www.microcenter.com/product/690499/asus-nvidia-geforce-rtx-5090-astral-lc-liquid-cooled-32gb-gddr7-pcie-50-graphics-card
Gigabyte NVIDIA GeForce RTX 5090 XTREME WATERFORCE Overclocked Liquid Cooled 32GB GDDR7 PCIe 5.0 Graphics Card,"$2,249.99",False,0,Micro Center,2025-02-08 17:47:37.727838,https://www.microcenter.com/product/690625/gigabyte-nvidia-geforce-rtx-5090-xtreme-waterforce-overclocked-liquid-cooled-32gb-gddr7-pcie-50-graphics-card
Gigabyte NVIDIA GeForce RTX 5090 XTREME WATERFORCE Overclocked Liquid Cooled 32GB GDDR7 PCIe 5.0 Graphics Card,"$2,559.99",False,0,Micro Center,2025-02-08 17:47:37.803844,https://www.microcenter.com/product/690625/gigabyte-nvidia-geforce-rtx-5090-xtreme-waterforce-overclocked-liquid-cooled-32gb-gddr7-pcie-50-graphics-card
MSI NVIDIA GeForce RTX 5090 VANGUARD SOC LAUNCH EDITION Overclocked Triple Fan 32GB GDDR7 PCIe 5.0 Graphics Card,"$2,499.99",False,0,Micro Center,2025-02-08 17:47:37.882850,https://www.microcenter.com/product/690490/msi-nvidia-geforce-rtx-5090-vanguard-soc-launch-edition-overclocked-triple-fan-32gb-gddr7-pcie-50-graphics-card
MSI NVIDIA GeForce RTX 5090 VANGUARD SOC LAUNCH EDITION Overclocked Triple Fan 32GB GDDR7 PCIe 5.0 Graphics Card,"$2,749.99",False,0,Micro Center,2025-02-08 17:47:37.961855,https://www.microcenter.com/product/690490/msi-nvidia-geforce-rtx-5090-vanguard-soc-launch-edition-overclocked-triple-fan-32gb-gddr7-pcie-50-graphics-card
Zotac NVIDIA GeForce RTX 5090 AMP Extreme Infinity Overclocked Triple Fan 32GB GDDR7 PCIe 5.0 Graphics Card,"$2,499.99",False,0,Micro Center,2025-02-08 17:47:38.050863,https://www.microcenter.com/product/690693/zotac-nvidia-geforce-rtx-5090-amp-extreme-infinity-overclocked-triple-fan-32gb-gddr7-pcie-50-graphics-card
Zotac NVIDIA GeForce RTX 5090 AMP Extreme Infinity Overclocked Triple Fan 32GB GDDR7 PCIe 5.0 Graphics Card,"$2,669.99",False,0,Micro Center,2025-02-08 17:47:38.132868,https://www.microcenter.com/product/690693/zotac-nvidia-geforce-rtx-5090-amp-extreme-infinity-overclocked-triple-fan-32gb-gddr7-pcie-50-graphics-card
PNY NVIDIA GeForce RTX 5090 Overclocked Triple Fan 32GB GDDR7 PCIe 5.0 Graphics Card,"$2,249.99",False,0,Micro Center,2025-02-08 17:47:38.223874,https://www.microcenter.com/product/690483/pny-nvidia-geforce-rtx-5090-overclocked-triple-fan-32gb-gddr7-pcie-50-graphics-card
PNY NVIDIA GeForce RTX 5090 Overclocked Triple Fan 32GB GDDR7 PCIe 5.0 Graphics Card,"$2,299.99",False,0,Micro Center,2025-02-08 17:47:38.317882,https://www.microcenter.com/product/690483/pny-nvidia-geforce-rtx-5090-overclocked-triple-fan-32gb-gddr7-pcie-50-graphics-card
ASUS NVIDIA GeForce RTX 5090 ROG Astral Overclocked Triple Fan 32GB GDDR7 PCIe 5.0 Graphics Card,"$3,079.99",False,0,Micro Center,2025-02-08 18:07:00.851912,https://www.microcenter.com/product/690032/asus-nvidia-geforce-rtx-5090-rog-astral-overclocked-triple-fan-32gb-gddr7-pcie-50-graphics-card
ASUS NVIDIA GeForce RTX 5090 ROG Astral Overclocked Triple Fan 32GB GDDR7 PCIe 5.0 Graphics Card,"$2,459.99",False,0,Micro Center,2025-02-08 18:07:00.918916,https://www.microcenter.com/product/690032/asus-nvidia-geforce-rtx-5090-rog-astral-overclocked-triple-fan-32gb-gddr7-pcie-50-graphics-card
MSI NVIDIA GeForce RTX 5090 SUPRIM SOC Overclocked Triple Fan 32GB GDDR7 PCIe 5.0 Graphics Card,"$2,549.99",False,0,Micro Center,2025-02-08 18:07:00.987923,https://www.microcenter.com/product/690484/msi-nvidia-geforce-rtx-5090-suprim-soc-overclocked-triple-fan-32gb-gddr7-pcie-50-graphics-card
MSI NVIDIA GeForce RTX 5090 SUPRIM SOC Overclocked Triple Fan 32GB GDDR7 PCIe 5.0 Graphics Card,"$1,999.99",False,0,Micro Center,2025-02-08 18:07:01.091930,https://www.microcenter.com/product/690484/msi-nvidia-geforce-rtx-5090-suprim-soc-overclocked-triple-fan-32gb-gddr7-pcie-50-graphics-card
Gigabyte NVIDIA GeForce RTX 5090 AORUS XTREME WATERFORCE WB Overclocked Liquid Cooled 32GB GDDR7 PCIe 5.0 Graphics Card,"$2,529.99",False,0,Micro Center,2025-02-08 18:07:01.171935,https://www.microcenter.com/product/690624/gigabyte-nvidia-geforce-rtx-5090-aorus-xtreme-waterforce-wb-overclocked-liquid-cooled-32gb-gddr7-pcie-50-graphics-card
Gigabyte NVIDIA GeForce RTX 5090 AORUS XTREME WATERFORCE WB Overclocked Liquid Cooled 32GB GDDR7 PCIe 5.0 Graphics Card,"$3,409.99",False,0,Micro Center,2025-02-08 18:07:01.252941,https://www.microcenter.com/product/690624/gigabyte-nvidia-geforce-rtx-5090-aorus-xtreme-waterforce-wb-overclocked-liquid-cooled-32gb-gddr7-pcie-50-graphics-card
Gigabyte NVIDIA GeForce RTX 5090 Windforce Overclocked Triple Fan 32GB GDDR7 PCIe 5.0 Graphics Card,"$2,599.99",False,0,Micro Center,2025-02-08 18:07:01.330947,https://www.microcenter.com/product/690450/gigabyte-nvidia-geforce-rtx-5090-windforce-overclocked-triple-fan-32gb-gddr7-pcie-50-graphics-card
Gigabyte NVIDIA GeForce RTX 5090 Windforce Overclocked Triple Fan 32GB GDDR7 PCIe 5.0 Graphics Card,"$2,439.99",False,0,Micro Center,2025-02-08 18:07:01.414954,https://www.microcenter.com/product/690450/gigabyte-nvidia-geforce-rtx-5090-windforce-overclocked-triple-fan-32gb-gddr7-pcie-50-graphics-card
ASUS NVIDIA GeForce RTX 5090 TUF Gaming Triple Fan 32GB GDDR7 PCIe 5.0 Graphics Card,"$2,499.99",False,0,Micro Center,2025-02-08 18:07:01.483957,https://www.microcenter.com/product/690037/asus-nvidia-geforce-rtx-5090-tuf-gaming-triple-fan-32gb-gddr7-pcie-50-graphics-card
ASUS NVIDIA GeForce RTX 5090 TUF Gaming Triple Fan 32GB GDDR7 PCIe 5.0 Graphics Card,"$2,199.99",False,0,Micro Center,2025-02-08 18:07:01.548963,https://www.microcenter.com/product/690037/asus-nvidia-geforce-rtx-5090-tuf-gaming-triple-fan-32gb-gddr7-pcie-50-graphics-card
ASUS NVIDIA GeForce RTX 5090 Astral LC Liquid Cooled 32GB GDDR7 PCIe 5.0 Graphics Card,"$2,349.99",False,0,Micro Center,2025-02-08 18:07:01.613968,https://www.microcenter.com/product/690499/asus-nvidia-geforce-rtx-5090-astral-lc-liquid-cooled-32gb-gddr7-pcie-50-graphics-card
ASUS NVIDIA GeForce RTX 5090 Astral LC Liquid Cooled 32GB GDDR7 PCIe 5.0 Graphics Card,"$2,749.99",False,0,Micro Center,2025-02-08 18:07:01.676972,https://www.microcenter.com/product/690499/asus-nvidia-geforce-rtx-5090-astral-lc-liquid-cooled-32gb-gddr7-pcie-50-graphics-card
Gigabyte NVIDIA GeForce RTX 5090 XTREME WATERFORCE Overclocked Liquid Cooled 32GB GDDR7 PCIe 5.0 Graphics Card,"$2,249.99",False,0,Micro Center,2025-02-08 18:07:01.739976,https://www.microcenter.com/product/690625/gigabyte-nvidia-geforce-rtx-5090-xtreme-waterforce-overclocked-liquid-cooled-32gb-gddr7-pcie-50-graphics-card
Gigabyte NVIDIA GeForce RTX 5090 XTREME WATERFORCE Overclocked Liquid Cooled 32GB GDDR7 PCIe 5.0 Graphics Card,"$2,559.99",False,0,Micro Center,2025-02-08 18:07:01.801981,https://www.microcenter.com/product/690625/gigabyte-nvidia-geforce-rtx-5090-xtreme-waterforce-overclocked-liquid-cooled-32gb-gddr7-pcie-50-graphics-card
MSI NVIDIA GeForce RTX 5090 VANGUARD SOC LAUNCH EDITION Overclocked Triple Fan 32GB GDDR7 PCIe 5.0 Graphics Card,"$2,499.99",False,0,Micro Center,2025-02-08 18:07:01.867987,https://www.microcenter.com/product/690490/msi-nvidia-geforce-rtx-5090-vanguard-soc-launch-edition-overclocked-triple-fan-32gb-gddr7-pcie-50-graphics-card
MSI NVIDIA GeForce RTX 5090 VANGUARD SOC LAUNCH EDITION Overclocked Triple Fan 32GB GDDR7 PCIe 5.0 Graphics Card,"$2,749.99",False,0,Micro Center,2025-02-08 18:07:01.943993,https://www.microcenter.com/product/690490/msi-nvidia-geforce-rtx-5090-vanguard-soc-launch-edition-overclocked-triple-fan-32gb-gddr7-pcie-50-graphics-card
Zotac NVIDIA GeForce RTX 5090 AMP Extreme Infinity Overclocked Triple Fan 32GB GDDR7 PCIe 5.0 Graphics Card,"$2,499.99",False,0,Micro Center,2025-02-08 18:07:02.036999,https://www.microcenter.com/product/690693/zotac-nvidia-geforce-rtx-5090-amp-extreme-infinity-overclocked-triple-fan-32gb-gddr7-pcie-50-graphics-card
Zotac NVIDIA GeForce RTX 5090 AMP Extreme Infinity Overclocked Triple Fan 32GB GDDR7 PCIe 5.0 Graphics Card,"$2,669.99",False,0,Micro Center,2025-02-08 18:07:02.148008,https://www.microcenter.com/product/690693/zotac-nvidia-geforce-rtx-5090-amp-extreme-infinity-overclocked-triple-fan-32gb-gddr7-pcie-50-graphics-card
PNY NVIDIA GeForce RTX 5090 Overclocked Triple Fan 32GB GDDR7 PCIe 5.0 Graphics Card,"$2,249.99",False,0,Micro Center,2025-02-08 18:07:02.244014,https://www.microcenter.com/product/690483/pny-nvidia-geforce-rtx-5090-overclocked-triple-fan-32gb-gddr7-pcie-50-graphics-card
PNY NVIDIA GeForce RTX 5090 Overclocked Triple Fan 32GB GDDR7 PCIe 5.0 Graphics Card,"$2,299.99",False,0,Micro Center,2025-02-08 18:07:02.345021,https://www.microcenter.com/product/690483/pny-nvidia-geforce-rtx-5090-overclocked-triple-fan-32gb-gddr7-pcie-50-graphics-card
